{
  "meta": {
    "disclaimer": "Do not rely on openFDA to make decisions regarding medical care. While we make every effort to ensure that data is accurate, you should assume all results are unvalidated. We may limit or otherwise restrict your access to the API in line with our Terms of Service.",
    "terms": "https://open.fda.gov/terms/",
    "license": "https://open.fda.gov/license/",
    "last_updated": "2021-07-21",
    "results": {
      "skip": 0,
      "limit": 100,
      "total": 12
    }
  },
  "results": [
    {
      "country": "United States",
      "city": "Brooklyn",
      "address_1": "119 49th St",
      "reason_for_recall": "Product contains undeclared sulfites.",
      "address_2": "",
      "product_quantity": "30 cases",
      "code_info": "Container code 4705932006197",
      "center_classification_date": "20200507",
      "distribution_pattern": "MA, CT, NJ, VA, FL, MN, IL, PA, NY, OH, IN",
      "state": "NY",
      "product_description": "TAINY BOCTOKA DRY FRUITS MIX COMPOT APPLE; Assorted dried fruits; NET WT 17.63 oz (500g) clear plastic package",
      "report_date": "20200513",
      "classification": "Class I",
      "openfda": {},
      "recalling_firm": "Royal International Trading Inc.",
      "recall_number": "F-0937-2020",
      "initial_firm_notification": "Press Release",
      "product_type": "Food",
      "event_id": "85546",
      "termination_date": "20210429",
      "more_code_info": null,
      "recall_initiation_date": "20200422",
      "postal_code": "11232-4229",
      "voluntary_mandated": "Voluntary: Firm initiated",
      "status": "Terminated"
    },
    {
      "country": "United States",
      "city": "Supply",
      "address_1": "106 Countryside St Sw",
      "reason_for_recall": "The firm was notified by the FDA that they failed to included a shellfish allergen on their ingredient panel.",
      "address_2": "",
      "product_quantity": "70 bottles",
      "code_info": "There are no codes for this product.",
      "center_classification_date": "20200526",
      "distribution_pattern": "Product was shipped to the following states: AZ, CA, FL, GA, IA, MI, MN, NC, NM, NV, NY, OH,PA, TN, TX, VA & WA.",
      "state": "NC",
      "product_description": "Absorb Health Advanced Joint Relief Joint Health; 510mg; 90 CAPSULES; Manufactured for: Absorb Health, 106 Countryside St NW, Supply, NC 28462 UPC 79056992863",
      "report_date": "20200603",
      "classification": "Class II",
      "openfda": {},
      "recalling_firm": "Absorb Health LLC",
      "recall_number": "F-0961-2020",
      "initial_firm_notification": "Letter",
      "product_type": "Food",
      "event_id": "85242",
      "recall_initiation_date": "20200415",
      "postal_code": "28462-3300",
      "voluntary_mandated": "Voluntary: Firm initiated",
      "status": "Ongoing"
    },
    {
      "country": "United States",
      "city": "Laurel",
      "address_1": "9001 Whiskey Bottom Rd",
      "reason_for_recall": "Potential Listeria monocytogenes contamination of Butternut Squash",
      "address_2": "",
      "product_quantity": "3,893 Cases (Fresh Cut), 3 bins (Raw Product)",
      "code_info": "20063, 20064, 20065, 20066, 20067, 20068",
      "center_classification_date": "20200605",
      "distribution_pattern": "The firm distributed the product in the following states, Maryland, PA, NJ, FL, KY, NC, CO, MA, VA, DC, GA",
      "state": "MD",
      "product_description": "Bin Butternut Squash, Bulk, Raw Product in Bins  / 4, 5lb packages in each case",
      "report_date": "20200617",
      "classification": "Class II",
      "openfda": {},
      "recalling_firm": "Coastal Sunbelt Produce Co. Inc.",
      "recall_number": "F-0978-2020",
      "initial_firm_notification": "Two or more of the following: Email, Fax, Letter, Press Release, Telephone, Visit",
      "product_type": "Food",
      "event_id": "85732",
      "termination_date": "20200608",
      "recall_initiation_date": "20200309",
      "postal_code": "20723-1356",
      "voluntary_mandated": "Voluntary: Firm initiated",
      "status": "Terminated"
    },
    {
      "country": "United States",
      "city": "Chicago",
      "address_1": "222 Merchandise Mart Plz Ste 1300",
      "reason_for_recall": "Product contained an ingredient (farro) that potentially contain small stones.",
      "address_2": "",
      "product_quantity": "8,780 cases",
      "code_info": "US ProductL Lot: 5009003120, Best If Used By OCT 27 2020  Canadian Product: Lot: 5009003120, Best Before 20 OC 327",
      "center_classification_date": "20200608",
      "distribution_pattern": "Distributed to customers in AL, CA, CT, FL, GA, IL, KY, MA, ME, MN, MO, NC, NE, NY, OH, PA, SC, VA, WI, and to Canada.",
      "state": "IL",
      "product_description": "Healthy Choice Pesto and Egg bowls labeled in the following ways: 1) (for the US market) Healthy Choice Power Bowls Morning Pesto & Egg White Scramble, Net Wt. 7.2 OZ (204 g); UPC 0-72655-00083-4  2) (for the Canadian market) Healthy Choice, Power Bowls, All-Day Breakfast, Pesto & Egg White Scramble, 204 g, UPC 0 72655 00201 2",
      "report_date": "20200617",
      "classification": "Class II",
      "openfda": {},
      "recalling_firm": "ConAgra Foods, INc.",
      "recall_number": "F-0982-2020",
      "initial_firm_notification": "Letter",
      "product_type": "Food",
      "event_id": "85749",
      "termination_date": "20200827",
      "recall_initiation_date": "20200529",
      "postal_code": "60654-1103",
      "voluntary_mandated": "Voluntary: Firm initiated",
      "status": "Terminated"
    },
    {
      "country": "United States",
      "city": "Warren",
      "address_1": "184 Liberty Corner Rd",
      "reason_for_recall": "Fiber prebiotic product potentially contaminated with small plastic pieces",
      "address_2": "",
      "product_quantity": "29,844 bottles",
      "code_info": "Lot: MP8B (EXP Sep2021)",
      "center_classification_date": "20200518",
      "distribution_pattern": "Distributed to the following US states: AR, CA, FL, HI, ID, IL, LA, MA, ME, MI, MN, MO, NC, NE, NJ, NY, OH, OR, PA, RI, SC, TX, VA, WA, and WI",
      "state": "NJ",
      "product_description": "Benefiber Healthy Shape Prebiotic Fiber Supplement, 500G  UPC 886790018872",
      "report_date": "20200513",
      "classification": "Class II",
      "openfda": {},
      "recalling_firm": "Glaxosmithkline Consumer Healthcare Holdings",
      "recall_number": "F-0950-2020",
      "initial_firm_notification": "Press Release",
      "product_type": "Food",
      "event_id": "85554",
      "termination_date": "20210601",
      "more_code_info": null,
      "recall_initiation_date": "20200428",
      "postal_code": "07059-6796",
      "voluntary_mandated": "Voluntary: Firm initiated",
      "status": "Terminated"
    },
    {
      "country": "United States",
      "city": "Newark",
      "address_1": "316 Markus Ct",
      "reason_for_recall": "A sample of the product was found to be positive with Antibiotic Residue.",
      "address_2": "",
      "product_quantity": "1 Case",
      "code_info": "SELL BY 04/02/20 076 TIME STAMP",
      "center_classification_date": "20200512",
      "distribution_pattern": "The product was distributed to the following states:  NJ, NY, PA, MD, DE, VA, and FL",
      "state": "DE",
      "product_description": "Common Market 1 % Milk (1/2 Gallon)",
      "report_date": "20200520",
      "classification": "Class II",
      "openfda": {},
      "recalling_firm": "Natural Dairy Products",
      "recall_number": "F-0942-2020",
      "initial_firm_notification": "E-Mail",
      "product_type": "Food",
      "event_id": "85365",
      "termination_date": "20200608",
      "recall_initiation_date": "20200323",
      "postal_code": "19713-1151",
      "voluntary_mandated": "Voluntary: Firm initiated",
      "status": "Terminated"
    },
    {
      "country": "United States",
      "city": "Newark",
      "address_1": "316 Markus Ct",
      "reason_for_recall": "A sample of the product was found to be positive with Antibiotic Residue.",
      "address_2": "",
      "product_quantity": "11 Cases",
      "code_info": "SELL BY 04/02/20 076 TIME STAMP",
      "center_classification_date": "20200512",
      "distribution_pattern": "The product was distributed to the following states:  NJ, NY, PA, MD, DE, VA, and FL",
      "state": "DE",
      "product_description": "Fairway Market 1 % Milk (1/2 gallon and gallon)",
      "report_date": "20200520",
      "classification": "Class II",
      "openfda": {},
      "recalling_firm": "Natural Dairy Products",
      "recall_number": "F-0941-2020",
      "initial_firm_notification": "E-Mail",
      "product_type": "Food",
      "event_id": "85365",
      "termination_date": "20200608",
      "recall_initiation_date": "20200323",
      "postal_code": "19713-1151",
      "voluntary_mandated": "Voluntary: Firm initiated",
      "status": "Terminated"
    },
    {
      "country": "United States",
      "city": "Hayward",
      "address_1": "21118 Cabot Blvd",
      "reason_for_recall": "New York State Dept of Agriculture and Markets tested Galanga Powder and found it to contain lead.",
      "address_2": "",
      "product_quantity": "100 cases",
      "code_info": "Lot #078 MBI;  Expiration: 3/18/21.",
      "center_classification_date": "20200603",
      "distribution_pattern": "AK, AR, CA, CO, FL, GA, IA, IN, KS, LA, MN, MO, NC, NE, NV, NY, OR, SC, SD, TX, UT, VA, WA, WI",
      "state": "CA",
      "product_description": "Dragonfly brand Galanga Powder;  Net Weight: 5 oz. (142 g)  UPC: 7 21557 53337 6  Product of Thailand    Distributed by U.S. Trading Company,  Hayward, CA 94545-1130",
      "report_date": "20200610",
      "classification": "Class II",
      "openfda": {},
      "recalling_firm": "U.S. Tov, Inc.",
      "recall_number": "F-0975-2020",
      "initial_firm_notification": "Letter",
      "product_type": "Food",
      "event_id": "85699",
      "termination_date": "20200706",
      "recall_initiation_date": "20200515",
      "postal_code": "94545-1130",
      "voluntary_mandated": "Voluntary: Firm initiated",
      "status": "Terminated"
    },
    {
      "country": "United States",
      "city": "Brea",
      "address_1": "40 Pointe Dr",
      "reason_for_recall": "Undeclared Milk and Wheat in labeling.",
      "address_2": "",
      "product_quantity": "1876 cases",
      "code_info": "Package code 22103 JN 2/8#  Lot Code A11320;",
      "center_classification_date": "20200529",
      "distribution_pattern": "Products are distributed at the wholesale level to KY,FL,GA, IA, NC, NJ and Chile",
      "state": "CA",
      "product_description": "Garlic Sauce; Net Wt. 8LB. (3.62 kg); PJ Item #1104; UPC 26700 16345; Manufactured for: PJ Foods Service, Inc; Louisville, KY 40299, USA.    Ingredients:   Soybean oil, water, salt, vegetable mono & diglycerides, contains less than 2% of garlic*, natural flavors, soy lecithin, lactic acid, sodium benzoate (a preservative), calcium disodium edta added to protect flavor, citric acid, beta carotene (color), vitamin A palmitate added. *Dehydrated    Contains: Soy",
      "report_date": "20200610",
      "classification": "Class I",
      "openfda": {},
      "recalling_firm": "Ventura Foods Llc",
      "recall_number": "F-0971-2020",
      "initial_firm_notification": "Two or more of the following: Email, Fax, Letter, Press Release, Telephone, Visit",
      "product_type": "Food",
      "event_id": "85688",
      "termination_date": "20200717",
      "recall_initiation_date": "20200514",
      "postal_code": "92821-3652",
      "voluntary_mandated": "Voluntary: Firm initiated",
      "status": "Terminated"
    },
    {
      "country": "United States",
      "city": "Warren",
      "address_1": "184 Liberty Corner Rd",
      "reason_for_recall": "Fiber prebiotic product potentially contaminated with small plastic pieces",
      "address_2": "",
      "product_quantity": "170,340 bottles",
      "code_info": "Lots: YT2Y (EXP Oct 2021), 7D6E (EXP Nov 2021), UV5C (EXP Oct 2021), 648H (EXP Nov 2021)",
      "center_classification_date": "20200518",
      "distribution_pattern": "Distributed to the following US states: AR, CA, FL, HI, ID, IL, LA, MA, ME, MI, MN, MO, NC, NE, NJ, NY, OH, OR, PA, RI, SC, TX, VA, WA, and WI",
      "state": "NJ",
      "product_description": "Benefiber Prebiotic Fiber Supplement, packaged in the following ways 1) Net Wt. 500 g (17.6 oz) bottle. UPC 886790218302 and 2) Net Wt. 760 g bottle UPC 8886790211907",
      "report_date": "20200513",
      "classification": "Class II",
      "openfda": {},
      "recalling_firm": "Glaxosmithkline Consumer Healthcare Holdings",
      "recall_number": "F-0951-2020",
      "initial_firm_notification": "Press Release",
      "product_type": "Food",
      "event_id": "85554",
      "termination_date": "20210601",
      "more_code_info": null,
      "recall_initiation_date": "20200428",
      "postal_code": "07059-6796",
      "voluntary_mandated": "Voluntary: Firm initiated",
      "status": "Terminated"
    },
    {
      "country": "United States",
      "city": "Pittsburg",
      "address_1": "1101 Railroad Ave",
      "reason_for_recall": "Ice cream that tested positive for Listeria monocytogenes was to be held and destroyed but was found on retail shelves.",
      "address_2": "",
      "product_quantity": "255 cases (8 x 14 oz. cartons per case)",
      "code_info": "DF 009170;  Best before 10/08/2021 (06-867 - plant number)",
      "center_classification_date": "20200527",
      "distribution_pattern": "FL",
      "state": "CA",
      "product_description": "Peekaboo Ice Cream + hidden Veggies;  Organic Mint Chocolate Chip with Hidden Spinach,  14 oz. carton:  UPC: 868540000115    Manufactured for: Peekaboo Organics LLC, Surfside, FL. 33154  Certified Organic by QCS",
      "report_date": "20200527",
      "classification": "Class I",
      "openfda": {},
      "recalling_firm": "Ramar International Corporation",
      "recall_number": "F-0964-2020",
      "initial_firm_notification": "Telephone",
      "product_type": "Food",
      "event_id": "85659",
      "termination_date": "20200804",
      "recall_initiation_date": "20200512",
      "postal_code": "94565-2641",
      "voluntary_mandated": "Voluntary: Firm initiated",
      "status": "Terminated"
    },
    {
      "country": "United States",
      "city": "Newark",
      "address_1": "316 Markus Ct",
      "reason_for_recall": "A sample of the product was found to be positive with Antibiotic Residue.",
      "address_2": "",
      "product_quantity": "79 Cases",
      "code_info": "SELL BY 04/02/20 076 TIME STAMP",
      "center_classification_date": "20200512",
      "distribution_pattern": "The product was distributed to the following states:  NJ, NY, PA, MD, DE, VA, and FL",
      "state": "DE",
      "product_description": "Natural by Nature 1 % Milk (gallon, 1/2 gallon, and quart)",
      "report_date": "20200520",
      "classification": "Class II",
      "openfda": {},
      "recalling_firm": "Natural Dairy Products",
      "recall_number": "F-0940-2020",
      "initial_firm_notification": "E-Mail",
      "product_type": "Food",
      "event_id": "85365",
      "termination_date": "20200608",
      "recall_initiation_date": "20200323",
      "postal_code": "19713-1151",
      "voluntary_mandated": "Voluntary: Firm initiated",
      "status": "Terminated"
    }
  ]
}